{
    "entities": [
        {
            "components": {
                "Geometry": {
                    "color": {
                        "a": 255,
                        "b": 255,
                        "g": 255,
                        "r": 255
                    },
                    "keepRatio": true,
                    "position": {
                        "x": 200.0,
                        "y": 300.0
                    },
                    "priority": 0,
                    "rotation": 0.0,
                    "size": {
                        "height": 711.111083984375,
                        "width": 400.0
                    }
                },
                "TextureComponent": {
                    "current_cell": {
                        "col": 0,
                        "row": 0
                    },
                    "resource_name": "background-img",
                    "texture_grid": {
                        "col": 1,
                        "row": 1
                    },
                    "tooltip": ""
                }
            },
            "name": "background"
        },
        {
            "components": {
                "Collision": {},
                "Geometry": {
                    "color": {
                        "a": 255,
                        "b": 255,
                        "g": 255,
                        "r": 255
                    },
                    "keepRatio": false,
                    "position": {
                        "x": 112.22492980957031,
                        "y": 300.0
                    },
                    "priority": 0,
                    "rotation": 0.0,
                    "size": {
                        "height": 46.0,
                        "width": 68.0
                    }
                },
                "Mass": {
                    "acc_x": 0.0,
                    "acc_y": 0.03999999910593033,
                    "mass": 1.0,
                    "velocity_x": 0.0,
                    "velocity_y": 0.0
                },
                "NativeScriptComponent": {
                    "scriptName": "bird-controller"
                },
                "Sprite": {
                    "cells": [
                        {
                            "x": 1,
                            "y": 0
                        },
                        {
                            "x": 0,
                            "y": 0
                        },
                        {
                            "x": 2,
                            "y": 0
                        }
                    ],
                    "changePerMilis": 300.0,
                    "currentCell": 0
                },
                "TextureComponent": {
                    "current_cell": {
                        "col": 0,
                        "row": 1
                    },
                    "resource_name": "bird-img",
                    "texture_grid": {
                        "col": 1,
                        "row": 3
                    },
                    "tooltip": ""
                }
            },
            "name": "bird"
        },
        {
            "components": {
                "Collision": {},
                "Geometry": {
                    "color": {
                        "a": 255,
                        "b": 255,
                        "g": 255,
                        "r": 255
                    },
                    "keepRatio": false,
                    "position": {
                        "x": 200.0,
                        "y": 565.403564453125
                    },
                    "priority": 1,
                    "rotation": 0.0,
                    "size": {
                        "height": 100.0,
                        "width": 473.8973388671875
                    }
                },
                "TextureComponent": {
                    "current_cell": {
                        "col": 0,
                        "row": 0
                    },
                    "resource_name": "base",
                    "texture_grid": {
                        "col": 1,
                        "row": 1
                    },
                    "tooltip": ""
                }
            },
            "name": "base-up"
        },
        {
            "components": {
                "Collision": {},
                "Geometry": {
                    "color": {
                        "a": 255,
                        "b": 255,
                        "g": 255,
                        "r": 255
                    },
                    "keepRatio": false,
                    "position": {
                        "x": 181.38876342773438,
                        "y": 38.99755859375
                    },
                    "priority": 1,
                    "rotation": 180.0,
                    "size": {
                        "height": 100.0,
                        "width": 437.22247314453125
                    }
                },
                "TextureComponent": {
                    "current_cell": {
                        "col": 0,
                        "row": 0
                    },
                    "resource_name": "base",
                    "texture_grid": {
                        "col": 1,
                        "row": 1
                    },
                    "tooltip": ""
                }
            },
            "name": "base-down"
        },
        {
            "components": {
                "Geometry": {
                    "color": {
                        "a": 255,
                        "b": 255,
                        "g": 255,
                        "r": 255
                    },
                    "keepRatio": false,
                    "position": {
                        "x": 200.0,
                        "y": 300.0
                    },
                    "priority": 0,
                    "rotation": 0.0,
                    "size": {
                        "height": 267.0,
                        "width": 184.0
                    }
                },
                "NativeScriptComponent": {
                    "scriptName": "start-msg-controller"
                },
                "TextureComponent": {
                    "current_cell": {
                        "col": 0,
                        "row": 0
                    },
                    "resource_name": "start-msg-img",
                    "texture_grid": {
                        "col": 1,
                        "row": 1
                    },
                    "tooltip": ""
                }
            },
            "name": "start-msg"
        },
        {
            "components": {
                "NativeScriptComponent": {
                    "scriptName": "main-scene-script"
                }
            },
            "name": "main-scene"
        },
        {
            "components": {
                "Geometry": {
                    "color": {
                        "a": 255,
                        "b": 255,
                        "g": 255,
                        "r": 255
                    },
                    "keepRatio": false,
                    "position": {
                        "x": 200.0,
                        "y": 300.0
                    },
                    "priority": 3,
                    "rotation": 0.0,
                    "size": {
                        "height": 42.0,
                        "width": 192.0
                    }
                },
                "NativeScriptComponent": {
                    "scriptName": "game-over-msg-controller"
                },
                "TextureComponent": {
                    "current_cell": {
                        "col": 0,
                        "row": 0
                    },
                    "resource_name": "game-over-img",
                    "texture_grid": {
                        "col": 1,
                        "row": 1
                    },
                    "tooltip": ""
                }
            },
            "name": "game-over-msg"
        },
        {
            "components": {
                "Geometry": {
                    "color": {
                        "a": 255,
                        "b": 255,
                        "g": 255,
                        "r": 255
                    },
                    "keepRatio": true,
                    "position": {
                        "x": 357.2126770019531,
                        "y": 37.4083137512207
                    },
                    "priority": 4,
                    "rotation": 0.0,
                    "size": {
                        "height": 40.0,
                        "width": 40.0
                    }
                },
                "Hovering": {
                    "cursor": true,
                    "hoveredCell": {
                        "col": 5,
                        "row": 9
                    }
                },
                "NativeScriptComponent": {
                    "scriptName": "pause-btn-controller"
                },
                "TextureComponent": {
                    "current_cell": {
                        "col": 11,
                        "row": 9
                    },
                    "resource_name": "buttons-img",
                    "texture_grid": {
                        "col": 12,
                        "row": 12
                    },
                    "tooltip": ""
                }
            },
            "name": "pause-btn"
        },
        {
            "components": {
                "NativeScriptComponent": {
                    "scriptName": "score-controller"
                }
            },
            "name": "score"
        }
    ],
    "filePath": "C:\\Users\\Acer\\Games\\FlappyBird\\scenes\\main.json",
    "resources": [
        {
            "extra": null,
            "name": "background-img",
            "path": "C:\\Users\\Acer\\Games\\FlappyBird\\assets\\images\\background-day.png",
            "type": 0
        },
        {
            "extra": {
                "grid": {
                    "col": 1,
                    "row": 3
                }
            },
            "name": "bird-img",
            "path": "C:\\Users\\Acer\\Games\\FlappyBird\\assets\\images\\bird.png",
            "type": 0
        },
        {
            "extra": null,
            "name": "bird-controller",
            "path": "C:\\Users\\Acer\\Games\\FlappyBird\\scripts\\BirdController.cpp",
            "type": 2
        },
        {
            "extra": null,
            "name": "base",
            "path": "C:\\Users\\Acer\\Games\\FlappyBird\\assets\\images\\base.png",
            "type": 0
        },
        {
            "extra": null,
            "name": "start-msg-img",
            "path": "C:\\Users\\Acer\\Games\\FlappyBird\\assets\\images\\message.png",
            "type": 0
        },
        {
            "extra": null,
            "name": "start-msg-controller",
            "path": "C:\\Users\\Acer\\Games\\FlappyBird\\scripts\\StartMsgController.cpp",
            "type": 2
        },
        {
            "extra": null,
            "name": "main-scene-script",
            "path": "C:\\Users\\Acer\\Games\\FlappyBird\\scripts\\MainSceneScript.cpp",
            "type": 2
        },
        {
            "extra": null,
            "name": "jump-audio",
            "path": "C:\\Users\\Acer\\Games\\FlappyBird\\assets\\audios\\wing.wav",
            "type": 1
        },
        {
            "extra": null,
            "name": "pipe-img",
            "path": "C:\\Users\\Acer\\Games\\FlappyBird\\assets\\images\\pipe-green.png",
            "type": 0
        },
        {
            "extra": null,
            "name": "pipe-controller",
            "path": "C:\\Users\\Acer\\Games\\FlappyBird\\scripts\\PipeController.cpp",
            "type": 2
        },
        {
            "extra": null,
            "name": "game-over-img",
            "path": "C:\\Users\\Acer\\Games\\FlappyBird\\assets\\images\\gameover.png",
            "type": 0
        },
        {
            "extra": null,
            "name": "game-over-msg-controller",
            "path": "C:\\Users\\Acer\\Games\\FlappyBird\\scripts\\GameOverMsgController.cpp",
            "type": 2
        },
        {
            "extra": null,
            "name": "pause-btn-controller",
            "path": "C:\\Users\\Acer\\Games\\FlappyBird\\scripts\\PauseButtonController.cpp",
            "type": 2
        },
        {
            "extra": null,
            "name": "score-controller",
            "path": "C:\\Users\\Acer\\Games\\FlappyBird\\scripts\\ScoreController.cpp",
            "type": 2
        }
    ],
    "sceneName": "main"
}