{
    "entities": [
        {
            "components": {
                "Geometry": {
                    "color": {
                        "a": 255,
                        "b": 255,
                        "g": 255,
                        "r": 255
                    },
                    "keepRatio": true,
                    "position": {
                        "x": 119.55986022949219,
                        "y": 352.8117370605469
                    },
                    "priority": 0,
                    "rotation": 0.0,
                    "size": {
                        "height": 40.0,
                        "width": 40.0
                    }
                },
                "Hovering": {
                    "cursor": true,
                    "hoveredCell": {
                        "col": 7,
                        "row": 6
                    }
                },
                "NativeScriptComponent": {
                    "scriptName": "start-btn-controller"
                },
                "TextureComponent": {
                    "current_cell": {
                        "col": 7,
                        "row": 9
                    },
                    "resource_name": "buttons-img",
                    "texture_grid": {
                        "col": 12,
                        "row": 12
                    },
                    "tooltip": ""
                }
            },
            "name": "start-btn"
        },
        {
            "components": {
                "Geometry": {
                    "color": {
                        "a": 255,
                        "b": 255,
                        "g": 255,
                        "r": 255
                    },
                    "keepRatio": false,
                    "position": {
                        "x": 263.3251647949219,
                        "y": 130.56234741210938
                    },
                    "priority": 0,
                    "rotation": 0.0,
                    "size": {
                        "height": 36.0,
                        "width": 24.0
                    }
                },
                "Mass": {
                    "acc_x": 0.0,
                    "acc_y": 0.019999999552965164,
                    "mass": 1.0,
                    "velocity_x": -0.30000001192092896,
                    "velocity_y": -1.0000001192092896
                },
                "TextureComponent": {
                    "current_cell": {
                        "col": 0,
                        "row": 0
                    },
                    "resource_name": "numbers-img",
                    "texture_grid": {
                        "col": 1,
                        "row": 10
                    },
                    "tooltip": ""
                }
            },
            "name": "number-0"
        }
    ],
    "filePath": "C:\\Users\\Acer\\Games\\FlappyBird\\scenes\\menu.json",
    "resources": [
        {
            "extra": null,
            "name": "start-btn-controller",
            "path": "C:\\Users\\Acer\\Games\\FlappyBird\\scripts\\StartButtonController.cpp",
            "type": 2
        }
    ],
    "sceneName": "menu"
}