{
    "entities": [
        {
            "components": {
                "Geometry": {
                    "color": {
                        "a": 255,
                        "b": 255,
                        "g": 255,
                        "r": 255
                    },
                    "keepRatio": true,
                    "position": {
                        "x": 200.0,
                        "y": 300.0
                    },
                    "priority": 0,
                    "rotation": 0.0,
                    "size": {
                        "height": 80.0,
                        "width": 300.0
                    }
                },
                "NativeScriptComponent": {
                    "scriptName": "logo-controller"
                },
                "TextureComponent": {
                    "current_cell": {
                        "col": 0,
                        "row": 0
                    },
                    "resource_name": "logo",
                    "texture_grid": {
                        "col": 1,
                        "row": 1
                    },
                    "tooltip": ""
                }
            },
            "name": "start-logo"
        }
    ],
    "filePath": "C:\\Users\\Acer\\Games\\FlappyBird\\scenes\\starting.json",
    "resources": [
        {
            "extra": null,
            "name": "logo",
            "path": "C:\\Users\\Acer\\Games\\FlappyBird\\assets\\images\\flappy-bird-logo-png-transparent.png",
            "type": 0
        },
        {
            "extra": null,
            "name": "logo-controller",
            "path": "C:\\Users\\Acer\\Games\\FlappyBird\\scripts\\LogoController.cpp",
            "type": 2
        }
    ],
    "sceneName": "starting"
}