[
    {
        "extra": {
            "grid": {
                "col": 12,
                "row": 12
            }
        },
        "name": "buttons-img",
        "path": "C:\\Users\\Acer\\Games\\FlappyBird\\assets\\images\\buttons.png",
        "type": 0
    },
    {
        "extra": {
            "grid": {
                "col": 1,
                "row": 10
            }
        },
        "name": "numbers-img",
        "path": "C:\\Users\\Acer\\Games\\FlappyBird\\assets\\images\\numbers.png",
        "type": 0
    }
]